-- MySQL Script generated by MySQL Workbench
-- jeu. 27 sept. 2018 22:03:19 CEST
-- Model: New Model    Version: 1.0
-- MySQL Workbench Forward Engineering

SET @OLD_UNIQUE_CHECKS=@@UNIQUE_CHECKS, UNIQUE_CHECKS=0;
SET @OLD_FOREIGN_KEY_CHECKS=@@FOREIGN_KEY_CHECKS, FOREIGN_KEY_CHECKS=0;
SET @OLD_SQL_MODE=@@SQL_MODE, SQL_MODE='TRADITIONAL,ALLOW_INVALID_DATES';

-- -----------------------------------------------------
-- Schema trobada
-- -----------------------------------------------------
DROP SCHEMA IF EXISTS `trobada` ;

-- -----------------------------------------------------
-- Schema trobada
--
-- -----------------------------------------------------
CREATE SCHEMA IF NOT EXISTS `trobada` DEFAULT CHARACTER SET utf8 ;
USE `trobada` ;





-- phpMyAdmin SQL Dump
-- version 4.5.4.1deb2ubuntu2
-- http://www.phpmyadmin.net
--
-- Client :  localhost
-- Généré le :  Jeu 04 Octobre 2018 à 10:41
-- Version du serveur :  5.7.22-0ubuntu0.16.04.1
-- Version de PHP :  7.2.9-1+ubuntu16.04.1+deb.sury.org+1

SET SQL_MODE = "NO_AUTO_VALUE_ON_ZERO";
SET time_zone = "+00:00";


/*!40101 SET @OLD_CHARACTER_SET_CLIENT=@@CHARACTER_SET_CLIENT */;
/*!40101 SET @OLD_CHARACTER_SET_RESULTS=@@CHARACTER_SET_RESULTS */;
/*!40101 SET @OLD_COLLATION_CONNECTION=@@COLLATION_CONNECTION */;
/*!40101 SET NAMES utf8mb4 */;

--
-- Base de données :  `trobada`
--

-- --------------------------------------------------------

--
-- Structure de la table `checked_transactions`
--

CREATE TABLE `checked_transactions` (
  `id` int(11) UNSIGNED NOT NULL,
  `checked` tinyint(1) DEFAULT '0',
  `transactions_id` int(11) UNSIGNED NOT NULL,
  `users_id` int(11) UNSIGNED NOT NULL
) ENGINE=InnoDB DEFAULT CHARSET=utf8;

-- --------------------------------------------------------

--
-- Structure de la table `credits_amounts`
--

CREATE TABLE `credits_amounts` (
  `id` int(11) UNSIGNED NOT NULL,
  `users_id` int(11) UNSIGNED NOT NULL,
  `amount` int(11) UNSIGNED ZEROFILL DEFAULT NULL,
  `approved` tinyint(1) DEFAULT NULL,
  `success` tinyint(1) DEFAULT NULL,
  `cus_id` varchar(255) DEFAULT NULL,
  `ch_id` varchar(255) DEFAULT NULL,
  `created_at` datetime DEFAULT CURRENT_TIMESTAMP,
  `message` varchar(255) DEFAULT NULL
) ENGINE=InnoDB DEFAULT CHARSET=utf8;

--
-- Contenu de la table `credits_amounts`
--

INSERT INTO `credits_amounts` (`id`, `users_id`, `amount`, `approved`, `success`, `cus_id`, `ch_id`, `created_at`, `message`) VALUES
(1, 2, 00000000060, 1, 1, 'cus_DiWm5yv0vrZR5B', 'ch_1DH5j4DymNfXZ8shj41uzzMG', '2018-10-03 10:28:54', 'Payment complete.');

-- --------------------------------------------------------

--
-- Structure de la table `events`
--

CREATE TABLE `events` (
  `id` int(11) UNSIGNED NOT NULL,
  `title` varchar(255) DEFAULT NULL,
  `description` text,
  `users_id` int(11) UNSIGNED NOT NULL,
  `not_deletable` tinyint(1) NOT NULL DEFAULT '0'
) ENGINE=InnoDB DEFAULT CHARSET=utf8;

--
-- Contenu de la table `events`
--

INSERT INTO `events` (`id`, `title`, `description`, `users_id`, `not_deletable`) VALUES
(1, 'Festi 1', '<p>\r\n	Lorem ipsum dolor sit amet, consectetur adipisicing elit. Accusantium animi architecto asperiores at blanditiis commodi consectetur consequatur dolore dolores eligendi est expedita facere impedit ipsum laboriosam laborum, maxime placeat quas quia quos, ratione rerum voluptate voluptatem? A, aliquid consequuntur doloribus ea eveniet fuga illum iusto maiores, neque sint sunt voluptate?</p>\r\n', 4, 1),
(2, 'Festi 222', 'Lorem ipsum dolor sit amet, consectetur adipisicing elit. Accusantium animi architecto asperiores at blanditiis commodi consectetur consequatur dolore dolores eligendi est expedita facere impedit ipsum laboriosam laborum, maxime placeat quas quia quos, ratione rerum voluptate voluptatem? A, aliquid consequuntur doloribus ea eveniet fuga illum iusto maiores, neque sint sunt voluptate?', 4, 0),
(3, 'Festi 3', '<p>\r\n	Lorem ipsum dolor sit amet, consectetur adipisicing elit. Accusantium animi architecto asperiores at blanditiis commodi consectetur consequatur dolore dolores eligendi est expedita facere impedit ipsum laboriosam laborum, maxime placeat quas quia quos, ratione rerum voluptate voluptatem? A, aliquid consequuntur doloribus ea eveniet fuga illum iusto maiores, neque sint sunt voluptate?</p>\r\n', 1, 0),
(4, 'Festi 4', 'neque sint sunt voluptate ? \r\n\r\nLorem Lorem ipsum dolor sit amet, consectetur adipisicing elit. Accusantium animi architecto asperiores at blanditiis commodi consectetur consequatur dolore dolores eligendi est expedita facere impedit ipsum laboriosam laborum, maxime placeat quas quia quos, ratione rerum voluptate voluptatem? A, aliquid consequuntur doloribus ea eveniet fuga illum iusto maiores, neque sint sunt voluptate?\r\n\r\nneque sint sunt voluptate ? \r\n\r\nLorem Lorem ipsum dolor sit amet, consectetur adipisicing elit. Accusantium animi architecto asperiores at blanditiis commodi consectetur consequatur dolore dolores eligendi est expedita facere impedit ipsum laboriosam laborum, maxime placeat quas quia quos, ratione rerum voluptate voluptatem? A, aliquid consequuntur doloribus ea eveniet fuga illum iusto maiores, neque sint sunt voluptate?', 4, 0);

-- --------------------------------------------------------

--
-- Structure de la table `events_places`
--

CREATE TABLE `events_places` (
  `id` int(11) UNSIGNED NOT NULL,
  `starting_date` datetime DEFAULT NULL,
  `ending_date` datetime DEFAULT NULL,
  `place` varchar(255) DEFAULT NULL,
  `events_id` int(11) UNSIGNED NOT NULL
) ENGINE=InnoDB DEFAULT CHARSET=utf8;

--
-- Contenu de la table `events_places`
--

INSERT INTO `events_places` (`id`, `starting_date`, `ending_date`, `place`, `events_id`) VALUES
(1, '2018-09-27 00:00:00', '2018-10-01 00:00:00', 'Fitou', 1),
(2, '2018-10-05 00:00:00', '2018-10-07 00:00:00', 'Narbonne', 2),
(3, '2018-10-12 00:00:00', '2018-10-14 00:00:00', 'Beziers', 3),
(4, '2018-10-12 00:00:00', '2018-10-14 00:00:00', 'Beziers', 4),
(5, '2018-09-29 00:00:00', '2018-09-30 00:00:00', 'LILLE', 1),
(7, '2018-10-12 00:00:00', '2018-10-14 00:00:00', 'Valras', 4);

-- --------------------------------------------------------

--
-- Structure de la table `events_registrations`
--

CREATE TABLE `events_registrations` (
  `users_id` int(11) UNSIGNED NOT NULL,
  `events_places_id` int(11) UNSIGNED NOT NULL
) ENGINE=InnoDB DEFAULT CHARSET=utf8;

--
-- Contenu de la table `events_registrations`
--

INSERT INTO `events_registrations` (`users_id`, `events_places_id`) VALUES
(3, 4);

-- --------------------------------------------------------

--
-- Structure de la table `partners`
--

CREATE TABLE `partners` (
  `id` int(11) UNSIGNED NOT NULL,
  `name` varchar(255) DEFAULT NULL,
  `description` text,
  `logo_location` varchar(255) DEFAULT NULL,
  `site_url` varchar(255) DEFAULT NULL,
  `partners_categories_id` int(10) UNSIGNED NOT NULL
) ENGINE=InnoDB DEFAULT CHARSET=utf8;

--
-- Contenu de la table `partners`
--

INSERT INTO `partners` (`id`, `name`, `description`, `logo_location`, `site_url`, `partners_categories_id`) VALUES
(1, 'Festival d\'Avignon', 'Festival de pièces de théâtre pour bobos\r\ndslkhdsd', 'http://www.festival-avignon.com/media/public/img/svg/logo-bdx.svg', NULL, 2),
(2, 'Fédération Bitteroise d\'Improvisation (F.B.I)', 'Quae dum ita struuntur, indicatum est apud Tyrum indumentum regale textum occulte, incertum quo locante vel cuius usibus apparatum. ideoque rector provinciae tunc pater Apollinaris eiusdem nominis ut conscius ductus est aliique congregati sunt ex diversis civitatibus multi, qui atrocium criminum ponderibus urgebantur.\r\n', 'https://fbi-impro.weebly.com/uploads/6/7/7/5/67753013/1453585655.png', NULL, 2),
(3, 'Beaux arts', 'Quae dum ita struuntur, indicatum est apud Tyrum indumentum regale textum occulte, incertum quo locante vel cuius usibus apparatum. ideoque rector provinciae tunc pater Apollinaris eiusdem nominis ut conscius ductus est aliique congregati sunt ex diversis civitatibus multi, qui atrocium criminum ponderibus urgebantur.\r\n', 'https://banner2.kisspng.com/20180406/fpw/kisspng-art-exhibition-child-visual-arts-artist-flower-ornaments-5ac784bbe37142.6489967815230250839316.jpg', NULL, 4),
(4, 'Atelier dessin ', 'Pour apprendre à dessiner à tout âges!', 'https://encrypted-tbn0.gstatic.com/images?q=tbn:ANd9GcQ6KmB3wB8eTHzg0XDkw8FaEt9adFcj1gYjna6ZiMUbRqUrQNeLLA', NULL, 1),
(5, 'Modern Jazz MJC', 'Quae dum ita struuntur, indicatum est apud Tyrum indumentum regale textum occulte, incertum quo locante vel cuius usibus apparatum. ideoque rector provinciae tunc pater Apollinaris eiusdem nominis ut conscius ductus est aliique congregati sunt ex diversis civitatibus multi, qui atrocium criminum ponderibus urgebantur.', 'http://www.parismambo.com/site/images/normal/55ae51c6eb318.jpg', NULL, 7),
(6, 'Le bonheur est dans le champ', 'Quae dum ita struuntur, indicatum est apud Tyrum indumentum regale textum occulte, incertum quo locante vel cuius usibus apparatum. ideoque rector provinciae tunc pater Apollinaris eiusdem nominis ut conscius ductus est aliique congregati sunt ex diversis civitatibus multi, qui atrocium criminum ponderibus urgebantur.', 'http://a397.idata.over-blog.com/1/36/13/83/notes-de-musique.jpg', NULL, 4),
(7, 'hip-hop generation', 'Alii nullo quaerente vultus severitate adsimulata patrimonia sua in inmensum extollunt, cultorum ut puta feracium multiplicantes annuos fructus, quae a primo ad ultimum solem se abunde iactitant possidere, ignorantes profecto maiores suos, per quos ita magnitudo Romana porrigitur, non divitiis eluxisse sed per bella saevissima, nec opibus nec victu nec indumentorum vilitate gregariis militibus discrepantes opposita cuncta superasse virtute.', 'https://image.shutterstock.com/image-vector/hiphop-music-cool-graffiti-logo-260nw-598142537.jpg', NULL, 6),
(9, 'Festival de Country', 'Musique country', 'http://www.ticketebo.com.au/media/catalog/product//k/i/kilmore_organiser_logo_2_1_1_1.png', NULL, 4);

-- --------------------------------------------------------

--
-- Structure de la table `partners_categories`
--

CREATE TABLE `partners_categories` (
  `id` int(10) UNSIGNED NOT NULL,
  `name_categories` varchar(255) DEFAULT NULL
) ENGINE=InnoDB DEFAULT CHARSET=utf8;

--
-- Contenu de la table `partners_categories`
--

INSERT INTO `partners_categories` (`id`, `name_categories`) VALUES
(1, 'art'),
(2, 'théatre'),
(4, 'arts appliqués'),
(5, 'break dance'),
(6, 'hip hop'),
(7, 'Catégorie test'),
(10, 'Musique');

-- --------------------------------------------------------

--
-- Structure de la table `products`
--

CREATE TABLE `products` (
  `id` int(11) UNSIGNED NOT NULL,
  `name` varchar(255) DEFAULT NULL,
  `description` text,
  `price` double UNSIGNED NOT NULL,
  `users_id` int(11) UNSIGNED NOT NULL
) ENGINE=InnoDB DEFAULT CHARSET=utf8;

--
-- Contenu de la table `products`
--

INSERT INTO `products` (`id`, `name`, `description`, `price`, `users_id`) VALUES
(1, 'Produit n°1', 'Lorem ipsum dolor sit amet, consectetur adipisicing elit. Animi eius esse excepturi repudiandae, sunt veniam!', 33.35, 5),
(2, 'Produit n°2', 'Lorem ipsum dolor sit amet, consectetur adipisicing elit. Animi eius esse excepturi repudiandae, sunt veniam!', 57.5, 4),
(3, 'Produit n°3', 'Lorem ipsum dolor sit amet, consectetur adipisicing elit. Animi eius esse excepturi repudiandae, sunt veniam!', 6.9, 3),
(4, 'Produit n°4', 'Lorem ipsum dolor sit amet, consectetur adipisicing elit. Animi eius esse excepturi repudiandae, sunt veniam!', 83.95, 4),
(5, 'Produit n°5', 'Lorem ipsum dolor sit amet, consectetur adipisicing elit. Animi eius esse excepturi repudiandae, sunt veniam!', 74.75, 4),
(6, 'Produit n°6', 'Lorem ipsum dolor sit amet, consectetur adipisicing elit. Animi eius esse excepturi repudiandae, sunt veniam!', 6.9, 3),
(7, 'Produit n°7', 'Lorem ipsum dolor sit amet, consectetur adipisicing elit. Animi eius esse excepturi repudiandae, sunt veniam!', 44.85, 5),
(8, 'Produit n°8', 'Lorem ipsum dolor sit amet, consectetur adipisicing elit. Animi eius esse excepturi repudiandae, sunt veniam!', 62.1, 3),
(9, 'Produit n°9', 'Lorem ipsum dolor sit amet, consectetur adipisicing elit. Animi eius esse excepturi repudiandae, sunt veniam!', 100.05, 4),
(10, 'Produit n°10', 'Lorem ipsum dolor sit amet, consectetur adipisicing elit. Animi eius esse excepturi repudiandae, sunt veniam!', 113.85, 5),
(11, 'Produit n°11', 'Lorem ipsum dolor sit amet, consectetur adipisicing elit. Animi eius esse excepturi repudiandae, sunt veniam!', 112.7, 5),
(12, 'Produit n°12', 'Lorem ipsum dolor sit amet, consectetur adipisicing elit. Animi eius esse excepturi repudiandae, sunt veniam!', 66.7, 4),
(13, 'Produit n°13', 'Lorem ipsum dolor sit amet, consectetur adipisicing elit. Animi eius esse excepturi repudiandae, sunt veniam!', 28.75, 4),
(14, 'Produit n°14', 'Lorem ipsum dolor sit amet, consectetur adipisicing elit. Animi eius esse excepturi repudiandae, sunt veniam!', 56.35, 3),
(15, 'Produit n°15', 'Lorem ipsum dolor sit amet, consectetur adipisicing elit. Animi eius esse excepturi repudiandae, sunt veniam!', 83.95, 3),
(16, 'Produit n°16', 'Lorem ipsum dolor sit amet, consectetur adipisicing elit. Animi eius esse excepturi repudiandae, sunt veniam!', 31.05, 3),
(17, 'Produit n°17', 'Lorem ipsum dolor sit amet, consectetur adipisicing elit. Animi eius esse excepturi repudiandae, sunt veniam!', 96.6, 5),
(18, 'Produit n°18', 'Lorem ipsum dolor sit amet, consectetur adipisicing elit. Animi eius esse excepturi repudiandae, sunt veniam!', 40.25, 5),
(19, 'Produit n°19', 'Lorem ipsum dolor sit amet, consectetur adipisicing elit. Animi eius esse excepturi repudiandae, sunt veniam!', 115, 3),
(20, 'Produit n°20', 'Lorem ipsum dolor sit amet, consectetur adipisicing elit. Animi eius esse excepturi repudiandae, sunt veniam!', 58.65, 4),
(21, 'Produit n°21', 'Lorem ipsum dolor sit amet, consectetur adipisicing elit. Animi eius esse excepturi repudiandae, sunt veniam!', 72.45, 4),
(22, 'Produit n°22', 'Lorem ipsum dolor sit amet, consectetur adipisicing elit. Animi eius esse excepturi repudiandae, sunt veniam!', 89.7, 3),
(23, 'Produit n°23', 'Lorem ipsum dolor sit amet, consectetur adipisicing elit. Animi eius esse excepturi repudiandae, sunt veniam!', 51.75, 3),
(24, 'Produit n°24', 'Lorem ipsum dolor sit amet, consectetur adipisicing elit. Animi eius esse excepturi repudiandae, sunt veniam!', 4.6, 3),
(25, 'Produit n°25', 'Lorem ipsum dolor sit amet, consectetur adipisicing elit. Animi eius esse excepturi repudiandae, sunt veniam!', 101.2, 3),
(26, 'Produit n°26', 'Lorem ipsum dolor sit amet, consectetur adipisicing elit. Animi eius esse excepturi repudiandae, sunt veniam!', 28.75, 5),
(27, 'Produit n°27', 'Lorem ipsum dolor sit amet, consectetur adipisicing elit. Animi eius esse excepturi repudiandae, sunt veniam!', 97.75, 5),
(28, 'Produit n°28', 'Lorem ipsum dolor sit amet, consectetur adipisicing elit. Animi eius esse excepturi repudiandae, sunt veniam!', 28.75, 3),
(29, 'Produit n°29', 'Lorem ipsum dolor sit amet, consectetur adipisicing elit. Animi eius esse excepturi repudiandae, sunt veniam!', 40.25, 5),
(30, 'Produit n°30', 'Lorem ipsum dolor sit amet, consectetur adipisicing elit. Animi eius esse excepturi repudiandae, sunt veniam!', 16.1, 3),
(31, 'Produit n°31', 'Lorem ipsum dolor sit amet, consectetur adipisicing elit. Animi eius esse excepturi repudiandae, sunt veniam!', 92, 4),
(32, 'Produit n°32', 'Lorem ipsum dolor sit amet, consectetur adipisicing elit. Animi eius esse excepturi repudiandae, sunt veniam!', 9.2, 4),
(33, 'Produit n°33', 'Lorem ipsum dolor sit amet, consectetur adipisicing elit. Animi eius esse excepturi repudiandae, sunt veniam!', 19.55, 4),
(34, 'Produit n°34', 'Lorem ipsum dolor sit amet, consectetur adipisicing elit. Animi eius esse excepturi repudiandae, sunt veniam!', 59.8, 3),
(35, 'Produit n°35', 'Lorem ipsum dolor sit amet, consectetur adipisicing elit. Animi eius esse excepturi repudiandae, sunt veniam!', 56.35, 3),
(36, 'Produit n°36', 'Lorem ipsum dolor sit amet, consectetur adipisicing elit. Animi eius esse excepturi repudiandae, sunt veniam!', 93.15, 3),
(37, 'Produit n°37', 'Lorem ipsum dolor sit amet, consectetur adipisicing elit. Animi eius esse excepturi repudiandae, sunt veniam!', 66.7, 4),
(38, 'Produit n°38', 'Lorem ipsum dolor sit amet, consectetur adipisicing elit. Animi eius esse excepturi repudiandae, sunt veniam!', 13.8, 3),
(39, 'Produit n°39', 'Lorem ipsum dolor sit amet, consectetur adipisicing elit. Animi eius esse excepturi repudiandae, sunt veniam!', 103.5, 3),
(40, 'Produit n°40', 'Lorem ipsum dolor sit amet, consectetur adipisicing elit. Animi eius esse excepturi repudiandae, sunt veniam!', 39.1, 5),
(41, 'Produit n°41', 'Lorem ipsum dolor sit amet, consectetur adipisicing elit. Animi eius esse excepturi repudiandae, sunt veniam!', 21.85, 4),
(42, 'Produit n°42', 'Lorem ipsum dolor sit amet, consectetur adipisicing elit. Animi eius esse excepturi repudiandae, sunt veniam!', 73.6, 3),
(43, 'Produit n°43', 'Lorem ipsum dolor sit amet, consectetur adipisicing elit. Animi eius esse excepturi repudiandae, sunt veniam!', 46, 5),
(44, 'Produit n°44', 'Lorem ipsum dolor sit amet, consectetur adipisicing elit. Animi eius esse excepturi repudiandae, sunt veniam!', 14.95, 5),
(45, 'Produit n°45', 'Lorem ipsum dolor sit amet, consectetur adipisicing elit. Animi eius esse excepturi repudiandae, sunt veniam!', 70.15, 3),
(46, 'Produit n°46', 'Lorem ipsum dolor sit amet, consectetur adipisicing elit. Animi eius esse excepturi repudiandae, sunt veniam!', 92, 4),
(47, 'Produit n°47', 'Lorem ipsum dolor sit amet, consectetur adipisicing elit. Animi eius esse excepturi repudiandae, sunt veniam!', 77.05, 5),
(48, 'Produit n°48', 'Lorem ipsum dolor sit amet, consectetur adipisicing elit. Animi eius esse excepturi repudiandae, sunt veniam!', 3.45, 5),
(49, 'Produit n°49', 'Lorem ipsum dolor sit amet, consectetur adipisicing elit. Animi eius esse excepturi repudiandae, sunt veniam!', 34.5, 4),
(50, 'Produit n°50', 'Lorem ipsum dolor sit amet, consectetur adipisicing elit. Animi eius esse excepturi repudiandae, sunt veniam!', 113.85, 5),
(51, 'Produit n°51', 'Lorem ipsum dolor sit amet, consectetur adipisicing elit. Animi eius esse excepturi repudiandae, sunt veniam!', 65.55, 5),
(52, 'Produit n°52', 'Lorem ipsum dolor sit amet, consectetur adipisicing elit. Animi eius esse excepturi repudiandae, sunt veniam!', 103.5, 3),
(53, 'Produit n°53', 'Lorem ipsum dolor sit amet, consectetur adipisicing elit. Animi eius esse excepturi repudiandae, sunt veniam!', 44.85, 3),
(54, 'Produit n°54', 'Lorem ipsum dolor sit amet, consectetur adipisicing elit. Animi eius esse excepturi repudiandae, sunt veniam!', 19.55, 3),
(55, 'Produit n°55', 'Lorem ipsum dolor sit amet, consectetur adipisicing elit. Animi eius esse excepturi repudiandae, sunt veniam!', 18.4, 4),
(56, 'Produit n°56', 'Lorem ipsum dolor sit amet, consectetur adipisicing elit. Animi eius esse excepturi repudiandae, sunt veniam!', 6.9, 4),
(57, 'Produit n°57', 'Lorem ipsum dolor sit amet, consectetur adipisicing elit. Animi eius esse excepturi repudiandae, sunt veniam!', 9.2, 5),
(58, 'Produit n°58', 'Lorem ipsum dolor sit amet, consectetur adipisicing elit. Animi eius esse excepturi repudiandae, sunt veniam!', 42.55, 4),
(59, 'Produit n°59', 'Lorem ipsum dolor sit amet, consectetur adipisicing elit. Animi eius esse excepturi repudiandae, sunt veniam!', 64.4, 4),
(60, 'Produit n°60', 'Lorem ipsum dolor sit amet, consectetur adipisicing elit. Animi eius esse excepturi repudiandae, sunt veniam!', 24.15, 3),
(61, 'Produit n°61', 'Lorem ipsum dolor sit amet, consectetur adipisicing elit. Animi eius esse excepturi repudiandae, sunt veniam!', 87.4, 3),
(62, 'Produit n°62', 'Lorem ipsum dolor sit amet, consectetur adipisicing elit. Animi eius esse excepturi repudiandae, sunt veniam!', 64.4, 4),
(63, 'Produit n°63', 'Lorem ipsum dolor sit amet, consectetur adipisicing elit. Animi eius esse excepturi repudiandae, sunt veniam!', 101.2, 4),
(64, 'Produit n°64', 'Lorem ipsum dolor sit amet, consectetur adipisicing elit. Animi eius esse excepturi repudiandae, sunt veniam!', 27.6, 3),
(65, 'Produit n°65', 'Lorem ipsum dolor sit amet, consectetur adipisicing elit. Animi eius esse excepturi repudiandae, sunt veniam!', 14.95, 3),
(66, 'Produit n°66', 'Lorem ipsum dolor sit amet, consectetur adipisicing elit. Animi eius esse excepturi repudiandae, sunt veniam!', 110.4, 5),
(67, 'Produit n°67', 'Lorem ipsum dolor sit amet, consectetur adipisicing elit. Animi eius esse excepturi repudiandae, sunt veniam!', 3.45, 5),
(68, 'Produit n°68', 'Lorem ipsum dolor sit amet, consectetur adipisicing elit. Animi eius esse excepturi repudiandae, sunt veniam!', 96.6, 4),
(69, 'Produit n°69', 'Lorem ipsum dolor sit amet, consectetur adipisicing elit. Animi eius esse excepturi repudiandae, sunt veniam!', 97.75, 3),
(70, 'Produit n°70', 'Lorem ipsum dolor sit amet, consectetur adipisicing elit. Animi eius esse excepturi repudiandae, sunt veniam!', 78.2, 3),
(71, 'Produit n°71', 'Lorem ipsum dolor sit amet, consectetur adipisicing elit. Animi eius esse excepturi repudiandae, sunt veniam!', 58.65, 5),
(72, 'Produit n°72', 'Lorem ipsum dolor sit amet, consectetur adipisicing elit. Animi eius esse excepturi repudiandae, sunt veniam!', 40.25, 4),
(73, 'Produit n°73', 'Lorem ipsum dolor sit amet, consectetur adipisicing elit. Animi eius esse excepturi repudiandae, sunt veniam!', 48.3, 5),
(74, 'Produit n°74', 'Lorem ipsum dolor sit amet, consectetur adipisicing elit. Animi eius esse excepturi repudiandae, sunt veniam!', 5.75, 5),
(75, 'Produit n°75', 'Lorem ipsum dolor sit amet, consectetur adipisicing elit. Animi eius esse excepturi repudiandae, sunt veniam!', 24.15, 3),
(76, 'Produit n°76', 'Lorem ipsum dolor sit amet, consectetur adipisicing elit. Animi eius esse excepturi repudiandae, sunt veniam!', 16.1, 5),
(77, 'Produit n°77', 'Lorem ipsum dolor sit amet, consectetur adipisicing elit. Animi eius esse excepturi repudiandae, sunt veniam!', 29.9, 5),
(78, 'Produit n°78', 'Lorem ipsum dolor sit amet, consectetur adipisicing elit. Animi eius esse excepturi repudiandae, sunt veniam!', 43.7, 3),
(79, 'Produit n°79', 'Lorem ipsum dolor sit amet, consectetur adipisicing elit. Animi eius esse excepturi repudiandae, sunt veniam!', 32.2, 4),
(80, 'Produit n°80', 'Lorem ipsum dolor sit amet, consectetur adipisicing elit. Animi eius esse excepturi repudiandae, sunt veniam!', 35.65, 4),
(81, 'Produit n°81', 'Lorem ipsum dolor sit amet, consectetur adipisicing elit. Animi eius esse excepturi repudiandae, sunt veniam!', 96.6, 3),
(82, 'Produit n°82', 'Lorem ipsum dolor sit amet, consectetur adipisicing elit. Animi eius esse excepturi repudiandae, sunt veniam!', 11.5, 5),
(83, 'Produit n°83', 'Lorem ipsum dolor sit amet, consectetur adipisicing elit. Animi eius esse excepturi repudiandae, sunt veniam!', 11.5, 5),
(84, 'Produit n°84', 'Lorem ipsum dolor sit amet, consectetur adipisicing elit. Animi eius esse excepturi repudiandae, sunt veniam!', 29.9, 5),
(85, 'Produit n°85', 'Lorem ipsum dolor sit amet, consectetur adipisicing elit. Animi eius esse excepturi repudiandae, sunt veniam!', 108.1, 5),
(86, 'Produit n°86', 'Lorem ipsum dolor sit amet, consectetur adipisicing elit. Animi eius esse excepturi repudiandae, sunt veniam!', 110.4, 4),
(87, 'Produit n°87', 'Lorem ipsum dolor sit amet, consectetur adipisicing elit. Animi eius esse excepturi repudiandae, sunt veniam!', 77.05, 3),
(88, 'Produit n°88', 'Lorem ipsum dolor sit amet, consectetur adipisicing elit. Animi eius esse excepturi repudiandae, sunt veniam!', 2.3, 3),
(89, 'Produit n°89', 'Lorem ipsum dolor sit amet, consectetur adipisicing elit. Animi eius esse excepturi repudiandae, sunt veniam!', 2.3, 3),
(90, 'Produit n°90', 'Lorem ipsum dolor sit amet, consectetur adipisicing elit. Animi eius esse excepturi repudiandae, sunt veniam!', 5.75, 3),
(91, 'Produit n°91', 'Lorem ipsum dolor sit amet, consectetur adipisicing elit. Animi eius esse excepturi repudiandae, sunt veniam!', 36.8, 3),
(92, 'Produit n°92', 'Lorem ipsum dolor sit amet, consectetur adipisicing elit. Animi eius esse excepturi repudiandae, sunt veniam!', 21.85, 4),
(93, 'Produit n°93', 'Lorem ipsum dolor sit amet, consectetur adipisicing elit. Animi eius esse excepturi repudiandae, sunt veniam!', 100.05, 4),
(94, 'Produit n°94', 'Lorem ipsum dolor sit amet, consectetur adipisicing elit. Animi eius esse excepturi repudiandae, sunt veniam!', 81.65, 3),
(95, 'Produit n°95', 'Lorem ipsum dolor sit amet, consectetur adipisicing elit. Animi eius esse excepturi repudiandae, sunt veniam!', 19.55, 3),
(96, 'Produit n°96', 'Lorem ipsum dolor sit amet, consectetur adipisicing elit. Animi eius esse excepturi repudiandae, sunt veniam!', 63.25, 3),
(97, 'Produit n°97', 'Lorem ipsum dolor sit amet, consectetur adipisicing elit. Animi eius esse excepturi repudiandae, sunt veniam!', 29.9, 4),
(98, 'Produit n°98', 'Lorem ipsum dolor sit amet, consectetur adipisicing elit. Animi eius esse excepturi repudiandae, sunt veniam!', 98.9, 4),
(99, 'Produit n°99', 'Lorem ipsum dolor sit amet, consectetur adipisicing elit. Animi eius esse excepturi repudiandae, sunt veniam!', 66.7, 3),
(100, 'Produit test', 'Insertion d\'un nouveau produit pour le member users_id = 3', 10.5, 3),
(101, 'Autre produit teste', 'Insertion d\'un nouveau produit pour le member users_id = 3', 25.6, 3),
(103, 'Pelforth', 'Bière brune', 5.5, 3),
(105, 'Pelforth', 'Bière brune', 10.5, 3);

-- --------------------------------------------------------

--
-- Structure de la table `products_qrcode`
--

CREATE TABLE `products_qrcode` (
  `id` int(11) UNSIGNED NOT NULL,
  `products_id` int(11) UNSIGNED NOT NULL,
  `events_id` int(11) UNSIGNED NOT NULL,
  `qrcode_phrase` varchar(255) DEFAULT NULL,
  `qrcode_img_path` varchar(255) DEFAULT NULL
) ENGINE=InnoDB DEFAULT CHARSET=utf8;

-- --------------------------------------------------------

--
-- Structure de la table `roles`
--

CREATE TABLE `roles` (
  `id` int(11) UNSIGNED NOT NULL,
  `short_name` varchar(20) DEFAULT NULL,
  `long_name` varchar(50) DEFAULT NULL,
  `description` varchar(100) DEFAULT NULL
) ENGINE=InnoDB DEFAULT CHARSET=utf8;

--
-- Contenu de la table `roles`
--

INSERT INTO `roles` (`id`, `short_name`, `long_name`, `description`) VALUES
(1, 'ADM', 'administrateur', 'Le Boss'),
(2, 'FEST', 'festivalier', 'Ceux qui paient'),
(3, 'COM', 'commerçant', 'Ceux qui vendent'),
(4, 'ORG', 'organisateur', 'Ceux qui organisent');

-- --------------------------------------------------------

--
-- Structure de la table `transactions`
--

CREATE TABLE `transactions` (
  `id` int(11) UNSIGNED NOT NULL,
  `amount` double(8,2) UNSIGNED DEFAULT NULL,
  `created_at` datetime DEFAULT CURRENT_TIMESTAMP,
  `description` text,
  `id_fest` int(11) UNSIGNED NOT NULL,
  `id_com` int(11) UNSIGNED NOT NULL,
  `events_places_id` int(11) UNSIGNED NOT NULL,
  `checked` tinyint(1) NOT NULL DEFAULT '0'
) ENGINE=InnoDB DEFAULT CHARSET=utf8;

--
-- Contenu de la table `transactions`
--

INSERT INTO `transactions` (`id`, `amount`, `created_at`, `description`, `id_fest`, `id_com`, `events_places_id`) VALUES
(1, 1260.40, '2018-09-27 11:34:47', 'Lorem ipsum dolor sit amet, consectetur adipisicing.', 2, 3, 3),
(2, 931.50, '2018-09-27 15:34:47', 'Lorem ipsum dolor sit amet, consectetur adipisicing.', 2, 3, 3),
(3, 771.65, '2018-09-27 15:35:52', 'Lorem ipsum dolor sit amet, consectetur adipisicing.', 2, 3, 4),
(4, 1595.05, '2018-09-27 15:35:54', 'Lorem ipsum dolor sit amet, consectetur adipisicing.', 2, 3, 2),
(5, 434.70, '2018-09-27 15:35:55', 'Lorem ipsum dolor sit amet, consectetur adipisicing.', 2, 3, 4),
(6, 333.50, '2018-09-27 15:35:56', 'Lorem ipsum dolor sit amet, consectetur adipisicing.', 2, 3, 4),
(7, 1874.50, '2018-09-27 15:36:45', 'Lorem ipsum dolor sit amet, consectetur adipisicing.', 2, 3, 2),
(8, 600.30, '2018-09-27 15:36:46', 'Lorem ipsum dolor sit amet, consectetur adipisicing.', 2, 3, 1),
(9, 280.60, '2018-09-27 15:36:47', 'Lorem ipsum dolor sit amet, consectetur adipisicing.', 2, 3, 1),
(10, 1872.20, '2018-09-27 15:36:47', 'Lorem ipsum dolor sit amet, consectetur adipisicing.', 2, 3, 1),
(11, 1415.65, '2018-09-27 15:36:48', 'Lorem ipsum dolor sit amet, consectetur adipisicing.', 2, 3, 1),
(12, 1542.15, '2018-09-27 15:36:48', 'Lorem ipsum dolor sit amet, consectetur adipisicing.', 2, 3, 3),
(13, 563.50, '2018-09-27 15:36:49', 'Lorem ipsum dolor sit amet, consectetur adipisicing.', 2, 3, 1),
(14, 1903.25, '2018-09-27 15:36:50', 'Lorem ipsum dolor sit amet, consectetur adipisicing.', 2, 3, 2),
(15, 2877.30, '2018-09-27 15:36:51', 'Lorem ipsum dolor sit amet, consectetur adipisicing.', 2, 3, 4),
(16, 1485.80, '2018-09-27 15:36:51', 'Lorem ipsum dolor sit amet, consectetur adipisicing.', 2, 3, 1),
(17, 119.60, '2018-09-27 15:36:52', 'Lorem ipsum dolor sit amet, consectetur adipisicing.', 2, 3, 3),
(18, 1024.65, '2018-09-27 15:36:53', 'Lorem ipsum dolor sit amet, consectetur adipisicing.', 2, 3, 4),
(19, 36.80, '2018-09-27 15:36:54', 'Lorem ipsum dolor sit amet, consectetur adipisicing.', 2, 3, 3);

-- --------------------------------------------------------

--
-- Structure de la table `transactions_entries`
--

CREATE TABLE `transactions_entries` (
  `id` int(11) UNSIGNED NOT NULL,
  `products_id` int(11) UNSIGNED NOT NULL,
  `products_name` varchar(255) NOT NULL,
  `price` double DEFAULT NULL,
  `qty` int(5) DEFAULT NULL,
  `transactions_id` int(11) UNSIGNED NOT NULL
) ENGINE=InnoDB DEFAULT CHARSET=utf8;

--
-- Contenu de la table `transactions_entries`
--

INSERT INTO `transactions_entries` (`id`, `products_id`, `products_name`, `price`, `qty`, `transactions_id`) VALUES
(1, 52, '', 103.5, 10, 1),
(2, 35, '', 56.35, 4, 1),
(3, 39, '', 103.5, 9, 2),
(4, 35, '', 56.35, 1, 3),
(5, 75, '', 24.15, 7, 3),
(6, 19, '', 115, 3, 3),
(7, 28, '', 28.75, 7, 3),
(8, 6, '', 6.9, 1, 4),
(9, 54, '', 19.55, 2, 4),
(10, 69, '', 97.75, 9, 4),
(11, 23, '', 51.75, 6, 4),
(12, 53, '', 44.85, 8, 4),
(13, 8, '', 62.1, 7, 5),
(14, 90, '', 5.75, 4, 6),
(15, 8, '', 62.1, 5, 6),
(16, 52, '', 103.5, 10, 7),
(17, 15, '', 83.95, 10, 7),
(18, 94, '', 81.65, 2, 8),
(19, 87, '', 77.05, 4, 8),
(20, 89, '', 2.3, 6, 8),
(21, 19, '', 115, 1, 8),
(22, 30, '', 16.1, 2, 9),
(23, 8, '', 62.1, 4, 9),
(24, 94, '', 81.65, 10, 10),
(25, 94, '', 81.65, 2, 10),
(26, 42, '', 73.6, 10, 10),
(27, 54, '', 19.55, 3, 10),
(28, 95, '', 19.55, 5, 10),
(29, 87, '', 77.05, 9, 11),
(30, 22, '', 89.7, 7, 11),
(31, 88, '', 2.3, 2, 11),
(32, 89, '', 2.3, 5, 11),
(33, 70, '', 78.2, 1, 11),
(34, 36, '', 93.15, 9, 12),
(35, 70, '', 78.2, 9, 12),
(36, 14, '', 56.35, 10, 13),
(37, 15, '', 83.95, 5, 14),
(38, 94, '', 81.65, 3, 14),
(39, 75, '', 24.15, 6, 14),
(40, 69, '', 97.75, 6, 14),
(41, 35, '', 56.35, 9, 14),
(42, 69, '', 97.75, 8, 15),
(43, 52, '', 103.5, 1, 15),
(44, 87, '', 77.05, 10, 15),
(45, 42, '', 73.6, 8, 15),
(46, 96, '', 63.25, 10, 15),
(47, 16, '', 31.05, 9, 16),
(48, 60, '', 24.15, 8, 16),
(49, 70, '', 78.2, 10, 16),
(50, 64, '', 27.6, 5, 16),
(51, 16, '', 31.05, 3, 16),
(52, 34, '', 59.8, 2, 17),
(53, 39, '', 103.5, 7, 18),
(54, 15, '', 83.95, 2, 18),
(55, 45, '', 70.15, 1, 18),
(56, 88, '', 2.3, 7, 18),
(57, 90, '', 5.75, 8, 18),
(58, 91, '', 36.8, 1, 19);

-- --------------------------------------------------------

--
-- Structure de la table `users`
--

CREATE TABLE `users` (
  `id` int(11) UNSIGNED NOT NULL,
  `pseudo` varchar(20) DEFAULT NULL,
  `email` varchar(255) DEFAULT NULL,
  `password` varchar(255) DEFAULT NULL,
  `secret_code` varchar(255) DEFAULT NULL,
  `firstname` varchar(100) DEFAULT NULL,
  `lastname` varchar(100) DEFAULT NULL,
  `balance` float DEFAULT NULL,
  `address` varchar(255) DEFAULT NULL,
  `post_code` int(11) UNSIGNED DEFAULT NULL,
  `town` varchar(255) DEFAULT NULL,
  `roles_id` int(11) UNSIGNED NOT NULL,
  `cus_id` varchar(255) DEFAULT NULL,
  `company_name` varchar(255) DEFAULT NULL
) ENGINE=InnoDB DEFAULT CHARSET=utf8;

--
-- Contenu de la table `users`
--

INSERT INTO `users` (`id`, `pseudo`, `email`, `password`, `secret_code`, `firstname`, `lastname`, `balance`, `address`, `post_code`, `town`, `roles_id`, `cus_id`, `company_name`) VALUES
(1, 'admin', 'admin@admin.com', '$2y$10$5bjkyKbM.z2.IkEdFldFg.jnOhqUqYPoZirt2Nua4RmQhB0AtFh8a', NULL, 'Wood', 'MAWOGANI', NULL, 'Au pied du Canigou', 66000, 'Perpignan', 1, NULL, 'TROBADA'),
(2, 'festi', 'festi@festi.fes', '$2y$10$049kMRylJv0/UMioap/q5urzBCgHxt1AZZpKf/r5RUKqGFmTvYGJe', '$2y$10$CjqlKxl5z862N5I9mc0fSe3IQuG9xpPPPdIuss7PfRQqFHI4hAYMm', 'tivalier', 'Fes', 60, '1 rue des festivités', 34500, 'Béziers', 2, 'cus_DiWm5yv0vrZR5B', NULL),
(3, 'comme', 'comme@comme.com', '$2y$10$IrD8o4x8NLt3X9v2RBsYMez5ODk5oZdCoonGeNfIgFJERHUaGD26S', NULL, 'comme', 'Rcant', NULL, '1 rue des commerçants', 38000, 'Grenoble', 3, NULL, NULL),
(4, 'organ', 'organe@sdfsd.mp', '$2y$10$RSrWZnKrVqr3oDLoI6b1Ue31n9U5A/VhrCEALZLn.HFu0ak8MyTlu', NULL, 'Jean-Judicaël', 'REDIVO', NULL, '1 rue de la poupée qui tousse', 34500, 'Béziers', 4, NULL, 'Les courgettes'),
(5, 'padbrain', 'padbrain@pad.brain', '$2y$10$45ninEy0V9g/PQRMyuM16eLg9gSxNUtEZt.a8fRJPsjMJCHmn4tW.', NULL, 'brain', 'Pad', NULL, '1 rue de la poupée qui tousse', 34500, 'BEZIERS', 2, NULL, NULL),
(6, 'fest1', 'fest1@trobada.fr', '$2y$10$IitOOvXwmQGQsoUQFjxXqeJ/OxJOq7RIYWD1ag5qOI0UpkYzyrhOK', NULL, 'PrénomFest1', 'NomFest1', NULL, 'AddressFest1', 75734, 'VilleFest1', 2, NULL, 'EntrepriseFest1'),
(7, 'fest2', 'fest2@trobada.fr', '$2y$10$20Ij6mGf58DCBdtnn6mYkeGpSQsa0yneL2PrXVRBbLQ1RNEGvZdKy', NULL, 'PrénomFest2', 'NomFest2', NULL, 'AddressFest2', 83716, 'VilleFest2', 2, NULL, 'EntrepriseFest2'),
(8, 'fest3', 'fest3@trobada.fr', '$2y$10$T/t77rLzP.h3c..hljMjM.V0MLfIzrbiXc5YInPeB..mgsCMHL0P.', NULL, 'PrénomFest3', 'NomFest3', NULL, 'AddressFest3', 44155, 'VilleFest3', 2, NULL, 'EntrepriseFest3'),
(9, 'fest4', 'fest4@trobada.fr', '$2y$10$m18jiPvhOEGVIBJj04y6v.HbmXtAFhNGl.x6nlF8bMTxB2u8g6PEK', NULL, 'PrénomFest4', 'NomFest4', NULL, 'AddressFest4', 87995, 'VilleFest4', 2, NULL, 'EntrepriseFest4'),
(10, 'fest5', 'fest5@trobada.fr', '$2y$10$98Efe56m5pNoc/67U7Zg1eaP0C3vyVbmn2Qn4PUBUKgR2NruMw7eG', NULL, 'PrénomFest5', 'NomFest5', NULL, 'AddressFest5', 90205, 'VilleFest5', 2, NULL, 'EntrepriseFest5'),
(11, 'fest6', 'fest6@trobada.fr', '$2y$10$tXBBoX/BMAvjyMNWUb24UezjuMCKKjbVqydFp.C5D2LCIWH8ydyaC', NULL, 'PrénomFest6', 'NomFest6', NULL, 'AddressFest6', 47528, 'VilleFest6', 2, NULL, 'EntrepriseFest6'),
(12, 'fest7', 'fest7@trobada.fr', '$2y$10$sR8er5beYkg1vfQaapA2X.tNKZl21wpZqV/zbjMWSfNLoN0pK/M6a', NULL, 'PrénomFest7', 'NomFest7', NULL, 'AddressFest7', 19448, 'VilleFest7', 2, NULL, 'EntrepriseFest7'),
(13, 'fest8', 'fest8@trobada.fr', '$2y$10$d/1arUZpZxRTqkG7vtEufuUKkPvUM.nvtc111pp5L6Qqpa0fnSIuy', NULL, 'PrénomFest8', 'NomFest8', NULL, 'AddressFest8', 21627, 'VilleFest8', 2, NULL, 'EntrepriseFest8'),
(14, 'fest9', 'fest9@trobada.fr', '$2y$10$txzVseAFaU.l/sd/BklHGO7SpIDfjXqRXQej6MUN8NOdJ82DPZTCW', NULL, 'PrénomFest9', 'NomFest9', NULL, 'AddressFest9', 70647, 'VilleFest9', 2, NULL, 'EntrepriseFest9'),
(15, 'fest10', 'fest10@trobada.fr', '$2y$10$IuB9RwPy4SUCjYH9X5veou1MRVwABgR9YFafQ0K8mDybiO6GJFgWy', NULL, 'PrénomFest10', 'NomFest10', NULL, 'AddressFest10', 66453, 'VilleFest10', 2, NULL, 'EntrepriseFest10'),
(16, 'fest11', 'fest11@trobada.fr', '$2y$10$skEbxPT1gybHafoE5xejY.HctRLs7AJFw6fchxL3TYepw7KwI1Fxa', NULL, 'PrénomFest11', 'NomFest11', NULL, 'AddressFest11', 56007, 'VilleFest11', 2, NULL, 'EntrepriseFest11'),
(17, 'fest12', 'fest12@trobada.fr', '$2y$10$SF84T2SHEwnw96mTe.eAFOyIeJWFtkpLbVcJszITSet.GS59ifVbC', NULL, 'PrénomFest12', 'NomFest12', NULL, 'AddressFest12', 77625, 'VilleFest12', 2, NULL, 'EntrepriseFest12'),
(18, 'fest13', 'fest13@trobada.fr', '$2y$10$W.8AsSdCuO6BKzEqm.f5teQ/L3VpI.4B/8cFO4wZTLFlzrp5TWcvS', NULL, 'PrénomFest13', 'NomFest13', NULL, 'AddressFest13', 41607, 'VilleFest13', 2, NULL, 'EntrepriseFest13'),
(19, 'fest14', 'fest14@trobada.fr', '$2y$10$t8T2uLbCF5op1UAX6kC/re2rDMYipSJMbFYqAhaVH.llG1cChQcm2', NULL, 'PrénomFest14', 'NomFest14', NULL, 'AddressFest14', 20177, 'VilleFest14', 2, NULL, 'EntrepriseFest14'),
(20, 'fest15', 'fest15@trobada.fr', '$2y$10$Q9k6izJF4.0GQq.CeccgfunxAbXvamJfVK68TMG8dVjiBJKFVjjU.', NULL, 'PrénomFest15', 'NomFest15', NULL, 'AddressFest15', 66638, 'VilleFest15', 2, NULL, 'EntrepriseFest15'),
(21, 'fest16', 'fest16@trobada.fr', '$2y$10$uttIo9y3SyO.3smAoM1Wu.jrfLgRSbpThBOonqmmGcK4QQfuteyS6', NULL, 'PrénomFest16', 'NomFest16', NULL, 'AddressFest16', 83279, 'VilleFest16', 2, NULL, 'EntrepriseFest16'),
(22, 'fest17', 'fest17@trobada.fr', '$2y$10$/fo926DrW9v9.8VZCOltN.C4yRIvzlU9P1F6A29ZloPQuSiMMupxa', NULL, 'PrénomFest17', 'NomFest17', NULL, 'AddressFest17', 39187, 'VilleFest17', 2, NULL, 'EntrepriseFest17'),
(23, 'fest18', 'fest18@trobada.fr', '$2y$10$ufEehtrXoC0vaPf39Dk7Q.AqOxSS.1Q89uG1cLXxjNQw8Gm77NQ76', NULL, 'PrénomFest18', 'NomFest18', NULL, 'AddressFest18', 12243, 'VilleFest18', 2, NULL, 'EntrepriseFest18'),
(24, 'fest19', 'fest19@trobada.fr', '$2y$10$KzH2pj6dmuQyXPzm/5AmJejg9ROdfaaP3Wk8bu8R7cNEXTVdCFXQG', NULL, 'PrénomFest19', 'NomFest19', NULL, 'AddressFest19', 62176, 'VilleFest19', 2, NULL, 'EntrepriseFest19'),
(25, 'fest20', 'fest20@trobada.fr', '$2y$10$609RxFjGwExiHr/wQYwJge0CyhrxIk8zTalNDN4cgX3DK7.BWBA1i', NULL, 'PrénomFest20', 'NomFest20', NULL, 'AddressFest20', 80870, 'VilleFest20', 2, NULL, 'EntrepriseFest20'),
(26, 'fest21', 'fest21@trobada.fr', '$2y$10$PgMczm8GEzFI1iGPZJCTEO2svKvqW8V1waE4kWTNIQytImBjH5b7W', NULL, 'PrénomFest21', 'NomFest21', NULL, 'AddressFest21', 31441, 'VilleFest21', 2, NULL, 'EntrepriseFest21'),
(27, 'fest22', 'fest22@trobada.fr', '$2y$10$OLr2NS5REhoW0FN/NVE0NO3ihuF4C1aWMw.LMQicJzoa2pbevvpKS', NULL, 'PrénomFest22', 'NomFest22', NULL, 'AddressFest22', 20311, 'VilleFest22', 2, NULL, 'EntrepriseFest22'),
(28, 'fest23', 'fest23@trobada.fr', '$2y$10$D.ETjr/DxbSHutYKLrKxkO38Vv09SOGixeAY.3xRjBjw9HnF.eW/y', NULL, 'PrénomFest23', 'NomFest23', NULL, 'AddressFest23', 60523, 'VilleFest23', 2, NULL, 'EntrepriseFest23'),
(29, 'fest24', 'fest24@trobada.fr', '$2y$10$NZQVUhuX0nJuet.BaKqMru6NESeOpxzayqdZgmR1y5KIMX71AmIIm', NULL, 'PrénomFest24', 'NomFest24', NULL, 'AddressFest24', 26844, 'VilleFest24', 2, NULL, 'EntrepriseFest24'),
(30, 'fest25', 'fest25@trobada.fr', '$2y$10$TVMqORAwwT6Phpn.kWPD9OvABhPzJfZeQ1OtaEHYqQaZp0egor/Pi', NULL, 'PrénomFest25', 'NomFest25', NULL, 'AddressFest25', 77904, 'VilleFest25', 2, NULL, 'EntrepriseFest25'),
(31, 'fest26', 'fest26@trobada.fr', '$2y$10$6nbO70gfhzDuzqkW2siwvuLjpk0fXi5JQncVpVZelGfG.7iXh4Ieu', NULL, 'PrénomFest26', 'NomFest26', NULL, 'AddressFest26', 12617, 'VilleFest26', 2, NULL, 'EntrepriseFest26'),
(32, 'fest27', 'fest27@trobada.fr', '$2y$10$5chnxVP09M6WkCUe8B/WAuReG4YRBa2UE9SX9K3BU/A7eLG8wBYE.', NULL, 'PrénomFest27', 'NomFest27', NULL, 'AddressFest27', 47744, 'VilleFest27', 2, NULL, 'EntrepriseFest27'),
(33, 'fest28', 'fest28@trobada.fr', '$2y$10$wPPmeUIg2bkakV5v40rOtepT/B98mZ8go8uDgCVZtQfY.epHym2j.', NULL, 'PrénomFest28', 'NomFest28', NULL, 'AddressFest28', 90914, 'VilleFest28', 2, NULL, 'EntrepriseFest28'),
(34, 'fest29', 'fest29@trobada.fr', '$2y$10$m0ggNnU9nm.WVGvnWCGTqeoeXYgRPqzLKo1wwheKGcdv7P2ZcygDO', NULL, 'PrénomFest29', 'NomFest29', NULL, 'AddressFest29', 27487, 'VilleFest29', 2, NULL, 'EntrepriseFest29'),
(35, 'fest30', 'fest30@trobada.fr', '$2y$10$eesabZQ5JMZmmw9LVwhqd.s6mq5BNHCR70WdmfY/L4Yrp88yXUjuq', NULL, 'PrénomFest30', 'NomFest30', NULL, 'AddressFest30', 74691, 'VilleFest30', 2, NULL, 'EntrepriseFest30'),
(36, 'comm1', 'comm1@trobada.fr', '$2y$10$uJtuD.Pz4JpVEecDIhHHLOVTakt1EK738lGfnV/xOsU3BbJQW7H9u', NULL, 'PrénomComm1', 'NomComm1', NULL, 'AddressComm1', 60090, 'VilleComm1', 3, NULL, 'EntrepriseComm1'),
(37, 'comm2', 'comm2@trobada.fr', '$2y$10$Sf7rRtmk2UWFFjxyfOrRlun8fh9CYMP9Ei.NnfBHBD2uyGM0sZ806', NULL, 'PrénomComm2', 'NomComm2', NULL, 'AddressComm2', 41336, 'VilleComm2', 3, NULL, 'EntrepriseComm2'),
(38, 'comm3', 'comm3@trobada.fr', '$2y$10$KSfKpwIKM4.DW.2t8fLJFusO3V15BxpgHRU.pO3pqyuDhNkf4zAdW', NULL, 'PrénomComm3', 'NomComm3', NULL, 'AddressComm3', 74280, 'VilleComm3', 3, NULL, 'EntrepriseComm3'),
(39, 'comm4', 'comm4@trobada.fr', '$2y$10$nUWCYmFTXqzqekD3WZBVseE.1i1RQjJ32s.tHIz77JAKj7ZuXTGSi', NULL, 'PrénomComm4', 'NomComm4', NULL, 'AddressComm4', 11932, 'VilleComm4', 3, NULL, 'EntrepriseComm4'),
(40, 'comm5', 'comm5@trobada.fr', '$2y$10$IWv4FtR75VXBwVtYPh6ZreLVyrM/bHUWcafiiWAOE/kWLaKwqcg4a', NULL, 'PrénomComm5', 'NomComm5', NULL, 'AddressComm5', 75980, 'VilleComm5', 3, NULL, 'EntrepriseComm5'),
(41, 'comm6', 'comm6@trobada.fr', '$2y$10$soLnsYa7MWGnhJ5JsAhiIeCwI6HHY5A.PcN1qJ4Sesvy5PqDG82am', NULL, 'PrénomComm6', 'NomComm6', NULL, 'AddressComm6', 56775, 'VilleComm6', 3, NULL, 'EntrepriseComm6'),
(42, 'comm7', 'comm7@trobada.fr', '$2y$10$GMueC/0bF1CcA3SpAeDYI.a4q8Bn7UnLadksVODON2IUC5r9WwGhK', NULL, 'PrénomComm7', 'NomComm7', NULL, 'AddressComm7', 63078, 'VilleComm7', 3, NULL, 'EntrepriseComm7'),
(43, 'comm8', 'comm8@trobada.fr', '$2y$10$ShoWumzKa8gXehSwEvwQvucbGcXKIGNZe7E1xaZkXh.Scdsrbw6W.', NULL, 'PrénomComm8', 'NomComm8', NULL, 'AddressComm8', 81190, 'VilleComm8', 3, NULL, 'EntrepriseComm8'),
(44, 'comm9', 'comm9@trobada.fr', '$2y$10$UjUJH93Jaf2/G5NOopjCm.eXzXS07iQLVlHTIVNdTsVZ5sj5XNt5W', NULL, 'PrénomComm9', 'NomComm9', NULL, 'AddressComm9', 37480, 'VilleComm9', 3, NULL, 'EntrepriseComm9'),
(45, 'comm10', 'comm10@trobada.fr', '$2y$10$sUR8q7UR75bzuSeGkJqGQ.hVeDhSEfcL7ZW8ggQDdYhUjya3Ra9bK', NULL, 'PrénomComm10', 'NomComm10', NULL, 'AddressComm10', 22733, 'VilleComm10', 3, NULL, 'EntrepriseComm10'),
(46, 'comm11', 'comm11@trobada.fr', '$2y$10$2Eo8hZbOUW78cIBr6u7r9OlUWcG8Y2UolvPQAczD8QVSGMAZbX8xq', NULL, 'PrénomComm11', 'NomComm11', NULL, 'AddressComm11', 32605, 'VilleComm11', 3, NULL, 'EntrepriseComm11'),
(47, 'comm12', 'comm12@trobada.fr', '$2y$10$235S.uUC6JW9WT7HVu1tHOV.ahJX.DIje37ZfiYbSjeHJKlOPLu7C', NULL, 'PrénomComm12', 'NomComm12', NULL, 'AddressComm12', 63122, 'VilleComm12', 3, NULL, 'EntrepriseComm12'),
(48, 'comm13', 'comm13@trobada.fr', '$2y$10$ia7mAxXG7mXTtu92cZBRReqBmSuFASxfXx3J43YWFsTWbRi7yNEny', NULL, 'PrénomComm13', 'NomComm13', NULL, 'AddressComm13', 89677, 'VilleComm13', 3, NULL, 'EntrepriseComm13'),
(49, 'comm14', 'comm14@trobada.fr', '$2y$10$K26sMWxtNa.0fsHgL7yci.QuvC4fhMz9MoAt0kh7UZjBfQEq39iUy', NULL, 'PrénomComm14', 'NomComm14', NULL, 'AddressComm14', 55945, 'VilleComm14', 3, NULL, 'EntrepriseComm14'),
(50, 'comm15', 'comm15@trobada.fr', '$2y$10$KHMic8biUmd7GGntQI46qORRZtBZ0BiYlvv/bNJXRBFl2CQqN.R0e', NULL, 'PrénomComm15', 'NomComm15', NULL, 'AddressComm15', 24544, 'VilleComm15', 3, NULL, 'EntrepriseComm15'),
(51, 'organ1', 'organ1@trobada.fr', '$2y$10$CrZ8lvvSOwAG9Yj53rRfmeL9X8kNKgAeoliSxTiJJMWyMEuSzvNz6', NULL, 'PrénomOrgan1', 'NomOrgan1', NULL, 'AddressOrgan1', 60536, 'VilleOrgan1', 4, NULL, 'EntrepriseOrgan1'),
(52, 'organ2', 'organ2@trobada.fr', '$2y$10$HFMyuZPlr41H69H/hbqpTei8zYh4.gOY/R6qzfCM54Npov52RYJTG', NULL, 'PrénomOrgan2', 'NomOrgan2', NULL, 'AddressOrgan2', 96131, 'VilleOrgan2', 4, NULL, 'EntrepriseOrgan2'),
(53, 'organ3', 'organ3@trobada.fr', '$2y$10$e7VRvHmszgO0JXpxIsuDS.VnupTqIAcn0ijf8CrtgBfd5CzKMz05i', NULL, 'PrénomOrgan3', 'NomOrgan3', NULL, 'AddressOrgan3', 45972, 'VilleOrgan3', 4, NULL, 'EntrepriseOrgan3'),
(54, 'organ4', 'organ4@trobada.fr', '$2y$10$i13pWxJAw4oFGgwM3UEvTuRMyWj9rwyvsS42yaD57c8U2juLeEcN2', NULL, 'PrénomOrgan4', 'NomOrgan4', NULL, 'AddressOrgan4', 94115, 'VilleOrgan4', 4, NULL, 'EntrepriseOrgan4'),
(55, 'organ5', 'organ5@trobada.fr', '$2y$10$2n0G1sGQAxTcrSuuz9e82Ou7NfmiK3uwpat7TdFcU98Vb.sRDz11a', NULL, 'PrénomOrgan5', 'NomOrgan5', NULL, 'AddressOrgan5', 10395, 'VilleOrgan5', 4, NULL, 'EntrepriseOrgan5'),
(56, 'organ6', 'organ6@trobada.fr', '$2y$10$5j67nxBu4UT.LElSklJRiOsMwe63Mgpay/La46ywpwPgFCSJz.6vi', NULL, 'PrénomOrgan6', 'NomOrgan6', NULL, 'AddressOrgan6', 12419, 'VilleOrgan6', 4, NULL, 'EntrepriseOrgan6'),
(57, 'organ7', 'organ7@trobada.fr', '$2y$10$A7qEgQVloxNKwEqLB1O8X.RNAQ7xYUj0NxZXBtHnYF/7s8uAcWQZq', NULL, 'Koo', 'Pets', NULL, 'AddressOrgan7', 45793, 'VilleOrgan7', 4, NULL, 'Les serres de Peko');

--
-- Index pour les tables exportées
--

--
-- Index pour la table `checked_transactions`
--
ALTER TABLE `checked_transactions`
  ADD PRIMARY KEY (`id`),
  ADD KEY `fk_checked_transactions_transactions1` (`transactions_id`),
  ADD KEY `fk_checked_transactions_users1` (`users_id`);

--
-- Index pour la table `credits_amounts`
--
ALTER TABLE `credits_amounts`
  ADD PRIMARY KEY (`id`),
  ADD KEY `fk_credits_amounts_users1` (`users_id`);

--
-- Index pour la table `events`
--
ALTER TABLE `events`
  ADD PRIMARY KEY (`id`),
  ADD KEY `fk_events_users1` (`users_id`);

--
-- Index pour la table `events_places`
--
ALTER TABLE `events_places`
  ADD PRIMARY KEY (`id`),
  ADD KEY `fk_events_places_events1` (`events_id`);

--
-- Index pour la table `events_registrations`
--
ALTER TABLE `events_registrations`
  ADD KEY `fk_events_has_users_users1` (`users_id`),
  ADD KEY `fk_events_registrations_events_places1` (`events_places_id`);

--
-- Index pour la table `partners`
--
ALTER TABLE `partners`
  ADD PRIMARY KEY (`id`),
  ADD KEY `fk_partners_partners_categories1` (`partners_categories_id`);

--
-- Index pour la table `partners_categories`
--
ALTER TABLE `partners_categories`
  ADD PRIMARY KEY (`id`);

--
-- Index pour la table `products`
--
ALTER TABLE `products`
  ADD PRIMARY KEY (`id`),
  ADD KEY `fk_products_users1` (`users_id`);

--
-- Index pour la table `products_qrcode`
--
ALTER TABLE `products_qrcode`
  ADD PRIMARY KEY (`id`),
  ADD KEY `fk_products_has_events_products1` (`products_id`),
  ADD KEY `fk_products_has_events_events1` (`events_id`);

--
-- Index pour la table `roles`
--
ALTER TABLE `roles`
  ADD PRIMARY KEY (`id`);

--
-- Index pour la table `transactions`
--
ALTER TABLE `transactions`
  ADD PRIMARY KEY (`id`),
  ADD KEY `fk_transactions_users1` (`id_fest`),
  ADD KEY `fk_transactions_users2` (`id_com`),
  ADD KEY `fk_transactions_events_places1` (`events_places_id`);

--
-- Index pour la table `transactions_entries`
--
ALTER TABLE `transactions_entries`
  ADD PRIMARY KEY (`id`),
  ADD KEY `fk_transactions_entries_products1` (`products_id`),
  ADD KEY `fk_transactions_entries_transactions1` (`transactions_id`);

--
-- Index pour la table `users`
--
ALTER TABLE `users`
  ADD PRIMARY KEY (`id`),
  ADD UNIQUE KEY `pseudo_UNIQUE` (`pseudo`),
  ADD UNIQUE KEY `email_UNIQUE` (`email`),
  ADD KEY `fk_users_roles` (`roles_id`);

--
-- AUTO_INCREMENT pour les tables exportées
--

--
-- AUTO_INCREMENT pour la table `checked_transactions`
--
ALTER TABLE `checked_transactions`
  MODIFY `id` int(11) UNSIGNED NOT NULL AUTO_INCREMENT;
--
-- AUTO_INCREMENT pour la table `credits_amounts`
--
ALTER TABLE `credits_amounts`
  MODIFY `id` int(11) UNSIGNED NOT NULL AUTO_INCREMENT, AUTO_INCREMENT=2;
--
-- AUTO_INCREMENT pour la table `events`
--
ALTER TABLE `events`
  MODIFY `id` int(11) UNSIGNED NOT NULL AUTO_INCREMENT, AUTO_INCREMENT=5;
--
-- AUTO_INCREMENT pour la table `events_places`
--
ALTER TABLE `events_places`
  MODIFY `id` int(11) UNSIGNED NOT NULL AUTO_INCREMENT, AUTO_INCREMENT=8;
--
-- AUTO_INCREMENT pour la table `partners`
--
ALTER TABLE `partners`
  MODIFY `id` int(11) UNSIGNED NOT NULL AUTO_INCREMENT, AUTO_INCREMENT=10;
--
-- AUTO_INCREMENT pour la table `partners_categories`
--
ALTER TABLE `partners_categories`
  MODIFY `id` int(10) UNSIGNED NOT NULL AUTO_INCREMENT, AUTO_INCREMENT=11;
--
-- AUTO_INCREMENT pour la table `products`
--
ALTER TABLE `products`
  MODIFY `id` int(11) UNSIGNED NOT NULL AUTO_INCREMENT, AUTO_INCREMENT=106;
--
-- AUTO_INCREMENT pour la table `products_qrcode`
--
ALTER TABLE `products_qrcode`
  MODIFY `id` int(11) UNSIGNED NOT NULL AUTO_INCREMENT;
--
-- AUTO_INCREMENT pour la table `roles`
--
ALTER TABLE `roles`
  MODIFY `id` int(11) UNSIGNED NOT NULL AUTO_INCREMENT, AUTO_INCREMENT=5;
--
-- AUTO_INCREMENT pour la table `transactions`
--
ALTER TABLE `transactions`
  MODIFY `id` int(11) UNSIGNED NOT NULL AUTO_INCREMENT, AUTO_INCREMENT=20;
--
-- AUTO_INCREMENT pour la table `transactions_entries`
--
ALTER TABLE `transactions_entries`
  MODIFY `id` int(11) UNSIGNED NOT NULL AUTO_INCREMENT, AUTO_INCREMENT=59;
--
-- AUTO_INCREMENT pour la table `users`
--
ALTER TABLE `users`
  MODIFY `id` int(11) UNSIGNED NOT NULL AUTO_INCREMENT, AUTO_INCREMENT=58;
--
-- Contraintes pour les tables exportées
--

--
-- Contraintes pour la table `checked_transactions`
--
ALTER TABLE `checked_transactions`
  ADD CONSTRAINT `fk_checked_transactions_transactions1` FOREIGN KEY (`transactions_id`) REFERENCES `transactions` (`id`) ON DELETE NO ACTION ON UPDATE NO ACTION,
  ADD CONSTRAINT `fk_checked_transactions_users1` FOREIGN KEY (`users_id`) REFERENCES `users` (`id`) ON DELETE NO ACTION ON UPDATE NO ACTION;

--
-- Contraintes pour la table `credits_amounts`
--
ALTER TABLE `credits_amounts`
  ADD CONSTRAINT `fk_credits_amounts_users1` FOREIGN KEY (`users_id`) REFERENCES `users` (`id`) ON DELETE NO ACTION ON UPDATE NO ACTION;

--
-- Contraintes pour la table `events`
--
ALTER TABLE `events`
  ADD CONSTRAINT `events_ibfk_1` FOREIGN KEY (`users_id`) REFERENCES `users` (`id`) ON DELETE NO ACTION ON UPDATE NO ACTION;

--
-- Contraintes pour la table `events_places`
--
ALTER TABLE `events_places`
  ADD CONSTRAINT `fk_events_places_events` FOREIGN KEY (`events_id`) REFERENCES `events` (`id`) ON DELETE CASCADE;

--
-- Contraintes pour la table `events_registrations`
--
ALTER TABLE `events_registrations`
  ADD CONSTRAINT `fk_events_has_users_users1` FOREIGN KEY (`users_id`) REFERENCES `users` (`id`) ON DELETE NO ACTION ON UPDATE NO ACTION,
  ADD CONSTRAINT `fk_events_registrations_events_places1` FOREIGN KEY (`events_places_id`) REFERENCES `events_places` (`id`) ON DELETE CASCADE ON UPDATE NO ACTION;

--
-- Contraintes pour la table `partners`
--
ALTER TABLE `partners`
  ADD CONSTRAINT `fk_partners_partners_categories1` FOREIGN KEY (`partners_categories_id`) REFERENCES `partners_categories` (`id`) ON DELETE NO ACTION ON UPDATE NO ACTION;

--
-- Contraintes pour la table `products`
--
ALTER TABLE `products`
  ADD CONSTRAINT `fk_products_users1` FOREIGN KEY (`users_id`) REFERENCES `users` (`id`) ON DELETE NO ACTION ON UPDATE NO ACTION;

--
-- Contraintes pour la table `products_qrcode`
--
ALTER TABLE `products_qrcode`
  ADD CONSTRAINT `fk_products_has_events_events1` FOREIGN KEY (`events_id`) REFERENCES `events` (`id`) ON DELETE NO ACTION ON UPDATE NO ACTION,
  ADD CONSTRAINT `fk_products_has_events_products1` FOREIGN KEY (`products_id`) REFERENCES `products` (`id`) ON DELETE NO ACTION ON UPDATE NO ACTION;

--
-- Contraintes pour la table `transactions`
--
ALTER TABLE `transactions`
  ADD CONSTRAINT `fk_transactions_events_places1` FOREIGN KEY (`events_places_id`) REFERENCES `events_places` (`id`) ON DELETE NO ACTION ON UPDATE NO ACTION,
  ADD CONSTRAINT `fk_transactions_users1` FOREIGN KEY (`id_fest`) REFERENCES `users` (`id`) ON DELETE NO ACTION ON UPDATE NO ACTION,
  ADD CONSTRAINT `fk_transactions_users2` FOREIGN KEY (`id_com`) REFERENCES `users` (`id`) ON DELETE NO ACTION ON UPDATE NO ACTION;

--
-- Contraintes pour la table `transactions_entries`
--
ALTER TABLE `transactions_entries`
  ADD CONSTRAINT `fk_transactions_entries_products1` FOREIGN KEY (`products_id`) REFERENCES `products` (`id`) ON DELETE NO ACTION ON UPDATE NO ACTION,
  ADD CONSTRAINT `fk_transactions_entries_transactions1` FOREIGN KEY (`transactions_id`) REFERENCES `transactions` (`id`) ON DELETE NO ACTION ON UPDATE NO ACTION;

--
-- Contraintes pour la table `users`
--
ALTER TABLE `users`
  ADD CONSTRAINT `fk_users_roles` FOREIGN KEY (`roles_id`) REFERENCES `roles` (`id`) ON DELETE NO ACTION ON UPDATE NO ACTION;

/*!40101 SET CHARACTER_SET_CLIENT=@OLD_CHARACTER_SET_CLIENT */;
/*!40101 SET CHARACTER_SET_RESULTS=@OLD_CHARACTER_SET_RESULTS */;
/*!40101 SET COLLATION_CONNECTION=@OLD_COLLATION_CONNECTION */;
